INSERT INTO ROLE(TITLE, DESCRIPTION)
VALUES('ADMIN', 'Роль администратора');

INSERT INTO ROLE(TITLE, DESCRIPTION)
VALUES('USER', 'Роль пользователя');

INSERT INTO STATUS(TITLE, DESCRIPTION)
VALUES('LOGIN', 'Юзер залогинился в чат');

INSERT INTO STATUS(TITLE, DESCRIPTION)
VALUES('MESSAGE', 'Юзер оставил сообщение');

INSERT INTO STATUS(TITLE, DESCRIPTION)
VALUES('KICK', 'Юзер выкинул из чата другого юзера указанного в поле message');

INSERT INTO STATUS(TITLE, DESCRIPTION)
VALUES('LOGOUT', 'Юзер вышел из чата');

INSERT INTO USER(NICK, ROLE)
VALUES('Alexandr', 1);

INSERT INTO USER(NICK, ROLE)
VALUES('Michael', 2);

INSERT INTO USER(NICK, ROLE)
VALUES('Vadim', 2);

INSERT INTO MESSAGE(USER_FROM, MESSAGE, TIME_STAMP, STATUS)
VALUES('Alexandr', 'Alexandr entered the chat', '2021-05-05 18:41:42', 1);

INSERT INTO MESSAGE(USER_FROM, MESSAGE, TIME_STAMP, STATUS)
VALUES('Michael', 'Michael entered the chat', '2021-05-05 18:42:42', 1);

INSERT INTO MESSAGE(USER_FROM, MESSAGE, TIME_STAMP, STATUS)
VALUES('Michael', 'Hi!', '2021-05-05 18:43:42', 2);

INSERT INTO MESSAGE(USER_FROM, MESSAGE, TIME_STAMP, STATUS)
VALUES('Alexandr', 'Hi!', '2021-05-05 18:44:42', 2);

INSERT INTO MESSAGE(USER_FROM, MESSAGE, TIME_STAMP, STATUS)
VALUES('Alexandr', 'Alexander left the chat', '2021-05-05 18:45:42', 4);

INSERT INTO MESSAGE(USER_FROM, MESSAGE, TIME_STAMP, STATUS)
VALUES('Michael', 'Michael left the chat', '2021-05-05 18:46:50', 4);

INSERT INTO MESSAGE(USER_FROM, MESSAGE, TIME_STAMP, STATUS)
VALUES('Vadim', 'Vadim entered the chat', '2021-05-05 18:47:42', 1);

INSERT INTO MESSAGE(USER_FROM, MESSAGE, TIME_STAMP, STATUS)
VALUES('Alexandr', 'Alexandr entered the chat', '2021-05-05 18:48:42', 1);

INSERT INTO MESSAGE(USER_FROM, MESSAGE, TIME_STAMP, STATUS)
VALUES('Alexandr', 'Vadim', '2021-05-05 18:49:42', 3);

INSERT INTO MESSAGE(USER_FROM, MESSAGE, TIME_STAMP, STATUS)
VALUES('Alexandr', 'Michael', '2021-05-05 18:50:42', 3);

